{
  "documents": [
    {
      "id": 1,
      "token": "564fdjhgjhgbjhnfbd565fjkhijkhfnlkd55465d456+54dknjhbjuhgbd",
      "docId": "f8ea556d-acf9-4c70-a38a-b3a577",
      "scanId": "Scea556d-acf9-4c70-a38a-b3a542",
      "createdAt": "2020-1-10 7:45:30",
      "firstName": "Lee",
      "lastName": "J Prado",
      "email": "nvpvilmjyl@temporary-mail.net",
      "mobile": 7817281311,
      "dob": "1987-11-23",
      "nationality": "USA",
      "tenentId": "321626664",
      "status": "Processing",
      "statusDate": "2020-1-10 9:30:30",
      "buildingNo": "#22H",
      "streetName": "3021  Tenmile Road",
      "city": "South Boston",
      "postalCode": "02127",
      "mode": "Production",
      "icon": "error"
    },
    {
      "id": 2,
      "token": "kjhbufgdu654654uyfg7ue454weeiut8rf+54dknjhbjuhgbd",
      "docId": "adfe653e4r-654d-6345d-546wes-645g",
      "scanId": "5317cev-654sdf645fc-ef456-64s5c",
      "createdAt": "2020-7-22 7:45:30",
      "firstName": "Charlotte",
      "lastName": "P Young",
      "email": "8a8p5d7nkgk@temporary-mail.net",
      "mobile": 8585364640,
      "dob": "1989-7-16",
      "nationality": "Mexico",
      "tenentId": "602579204",
      "status": "Processing",
      "statusDate": "2020-1-10 9:30:30",
      "buildingNo": "#23",
      "streetName": "3545  Pike Street",
      "city": "San Diego",
      "postalCode": "22434",
      "mode": "Development",
      "icon": "error"
    },
    {
      "id": 3,
      "token": "hgighf+ifgiusfgh25pjoiurf9u8525dkjhiughuyghfighifr45sd",
      "docId": "654df-645fe61-654s-21dfg25-645zda",
      "scanId": "654dxg-645sfe4-d5v43s-5gr5r45",
      "createdAt": "2020-10-22 7:20:30",
      "firstName": "Tonya",
      "lastName": "A Correa",
      "email": "lg6b7avy0wk@temporary-mail.net",
      "mobile": 8164193662,
      "dob": "1988-7-15",
      "nationality": "USA",
      "tenentId": "602579204",
      "status": "Processing",
      "statusDate": "2020-1-10 9:30:30",
      "buildingNo": "#23",
      "streetName": "4883  Burnside Court",
      "city": "VICHY",
      "postalCode": "65580",
      "mode": "Production",
      "icon": "error"
    }
  ]
}